{
    "rmse": 0.6803760734734039,
    "mae": 0.5287809265130398,
    "r2": 0.272373233224805
}